{
  "project_info": {
    "project_number": "820550438287",
    "project_id": "capstone-design-4090c",
    "storage_bucket": "capstone-design-4090c.appspot.com"
  },
  "client": [
    {
      "client_info": {
        "mobilesdk_app_id": "1:820550438287:android:1191729d320263840b0ffa",
        "android_client_info": {
          "package_name": "com.cookandroid.project"
        }
      },
      "oauth_client": [],
      "api_key": [
        {
          "current_key": "AIzaSyDbqsJkxoZLcpcoZ6QzhYb37BvFAxTnIKk"
        }
      ],
      "services": {
        "appinvite_service": {
          "other_platform_oauth_client": []
        }
      }
    }
  ],
  "configuration_version": "1"
}